Aires,nb faces
7.25485e-05,630
0.0125122,1206
0.0249519,1086
0.0373916,960
0.0498313,1092
0.062271,1392
0.0747107,1284
0.0871503,954
0.09959,756
0.11203,602
