Aires,nb faces
0.0280733,60
0.0308806,120
0.0336879,120
0.0364953,240
0.0393026,180
0.0421099,360
0.0449172,480
0.0477246,600
0.0505319,840
0.0533392,1140
0.0561466,1440
0.0589539,1980
0.0617612,3180
0.0645685,4400
0.0673759,4160
0.0701832,3860
0.0718654,3620
