Aires,nb faces
0,245417
0.00151184,245405
0.00302368,6
0.00453552,3
0.0136066,2
